variant,model,fidelity_mean,fidelity_ci_lo,fidelity_ci_hi,sparsity_mean,sparsity_ci_lo,sparsity_ci_hi,epsilon,robustness_mean,robustness_ci_lo,robustness_ci_hi
causal_shap,lightgbm,0.5523549236655776,0.5233388200063608,0.5809992554978061,0.9743589743589745,0.9743589743589745,0.9743589743589745,0.15,1.0,1.0,1.0
causal_shap,mlp,0.5960938994057318,0.5667469041199004,0.6225909538636402,0.9743589743589745,0.9743589743589745,0.9743589743589745,0.15,0.9519047619047619,0.927142857142857,0.9766666666666666
corr_only_ablation,lightgbm,0.5523549236655776,0.5233388200063608,0.5809992554978061,0.9743589743589745,0.9743589743589745,0.9743589743589745,0.15,1.0,1.0,1.0
corr_only_ablation,mlp,0.5960938994057318,0.5667469041199004,0.6225909538636402,0.9743589743589745,0.9743589743589745,0.9743589743589745,0.15,0.9519047619047619,0.927142857142857,0.9766666666666666
effect_size_shap,lightgbm,0.5922232277650505,0.5507821796902937,0.6288870914768777,0.7389743589743587,0.7369230769230768,0.7407692307692306,0.15,0.97,0.95,0.9866666666666667
effect_size_shap,mlp,0.6183667229495456,0.5888439098119426,0.6460162865829788,0.8269230769230768,0.8217948717948717,0.8320512820512821,0.15,0.4323015873015872,0.39669841269841266,0.47111507936507935
random_clique_ablation,lightgbm,0.6798175428311177,0.6496040544052616,0.7080573235273073,0.6664102564102566,0.6658974358974361,0.6666666666666669,0.15,0.7125396825396826,0.6601180555555557,0.7615892857142857
random_clique_ablation,mlp,0.6884458392666812,0.6663219532983675,0.7106663267482173,0.697948717948718,0.6928205128205128,0.7025705128205129,0.15,0.7310714285714286,0.6885416666666668,0.7706071428571429
kernelshap_baseline,lightgbm,0.7375457704569257,0.70938646242015,0.7632460097117323,0.4141025641025642,0.40281410256410255,0.4261538461538461,0.15,0.5984523809523811,0.5576130952380952,0.6384583333333333
kernelshap_baseline,mlp,0.7259369165447568,0.7050472878803128,0.7450477648126304,0.3794871794871796,0.36948076923076917,0.3892307692307692,0.15,0.687261904761905,0.6519017857142857,0.7258452380952383
