explainer,model,tier,status,elapsed_s,peak_memory_mb,fidelity,deletion_auc,insertion_auc,ccs,mfr,sparsity,temporal_coherence
treeshap,lightgbm,tier_pi4,OK,1.0834775920011452,642.40234375,0.7053288734055235,0.20872963552753176,0.6193873823385788,1.0,0.581769307454427,0.2041025641025641,0.9374011396483306
treeshap,lightgbm,tier_jetson_nano,OK,1.1579707470009453,642.70703125,0.7053288734055235,0.20872963552753176,0.6193873823385788,0.9356692255026895,0.7489425659179687,0.2041025641025641,0.9374011396483306
treeshap,lightgbm,tier_unconstrained,OK,1.2020562609977787,642.70703125,0.7053288734055235,0.20872963552753176,0.6193873823385788,0.9013534783320324,0.9215445518493652,0.2041025641025641,0.9374011396483306
kernelshap,lightgbm,tier_pi4,OK,17.379889365001873,642.70703125,0.7184951407108565,0.21182181287062377,0.6488120942923368,1.0,0.5815709431966145,0.4256410256410256,0.8403646749451552
kernelshap,lightgbm,tier_jetson_nano,OK,17.774690879996342,642.83203125,0.7176552204349758,0.20780526666216456,0.643115707532116,0.9777885580311959,0.7488937377929688,0.42333333333333334,0.8346262398442044
kernelshap,lightgbm,tier_unconstrained,OK,18.4851345989955,642.95703125,0.7202382206401792,0.20500970603048696,0.6454861473108454,0.9402089701822518,0.9215140342712402,0.42102564102564105,0.837697452774825
kernelshap,mlp,tier_pi4,OK,2.4300504260027083,643.1328125,0.701267670381535,0.21185190984391655,0.6143872506069866,1.0,0.5812937418619792,0.39179487179487177,0.8188440699018866
kernelshap,mlp,tier_jetson_nano,OK,2.3980909370002337,643.1328125,0.7011725697856441,0.20724631413488004,0.6095914537061684,1.0,0.7487762451171875,0.39076923076923076,0.8130220525944992
kernelshap,mlp,tier_unconstrained,OK,2.3843525029951707,643.1328125,0.7017637289981138,0.2108319266615664,0.6143593846577938,1.0,0.9214925765991211,0.39,0.808212194253667
lightweight_kernelshap,lightgbm,tier_pi4,OK,2.1736204120024922,643.1328125,0.6585013636737034,0.23884593119917075,0.5558486585465775,1.0,0.5812937418619792,0.42743589743589744,0.7811947891246398
lightweight_kernelshap,lightgbm,tier_jetson_nano,OK,2.327661898001679,643.1328125,0.655217419666614,0.24405020990412873,0.5544850492373566,0.9338213654949488,0.7487762451171875,0.42615384615384616,0.7856106297008574
lightweight_kernelshap,lightgbm,tier_unconstrained,OK,2.139135126999463,643.2578125,0.6657328363688859,0.23693182122845155,0.5683974939662234,1.0,0.9214773178100586,0.4241025641025641,0.7820573839187086
lightweight_kernelshap,mlp,tier_pi4,OK,1.6825318349947338,643.2578125,0.6544308290550791,0.2568375868772307,0.5656992449873889,1.0,0.5812123616536458,0.4017948717948718,0.7832452311763326
lightweight_kernelshap,mlp,tier_jetson_nano,OK,1.525251898994611,643.2578125,0.6451726486122904,0.2473161833333625,0.5376614805579433,1.0,0.7487274169921875,0.4105128205128205,0.7693422486514989
lightweight_kernelshap,mlp,tier_unconstrained,OK,1.5953322400018806,643.2578125,0.6306953118540684,0.2688043245272125,0.5301949482353492,0.9560716324474288,0.9214773178100586,0.41025641025641024,0.7705764424143482
lime,lightgbm,tier_pi4,OK,21.032248656003503,643.2578125,0.6197504642013119,0.2538779770010212,0.49337890540364504,1.0,0.5812123616536458,0.1058974358974359,0.5932393487301166
lime,lightgbm,tier_jetson_nano,OK,14.550051962003636,643.2578125,0.6206286180996112,0.2574472073623596,0.49870444356158194,1.0,0.7487274169921875,0.10692307692307693,0.6058690942140209
lime,lightgbm,tier_unconstrained,OK,13.831889195003896,643.3828125,0.6202020982905373,0.25487342885561587,0.49527762543669035,1.0,0.9214620590209961,0.1064102564102564,0.5879909524249509
lime,mlp,tier_pi4,OK,4.567229367996333,643.3828125,0.5110232430073204,0.37994542596454245,0.40199191197918327,1.0,0.5811309814453125,0.06923076923076923,0.698870228604438
lime,mlp,tier_jetson_nano,OK,4.890449141996214,643.3828125,0.5146371262898716,0.37806050009650044,0.40733475267624364,0.9339079572008498,0.7486785888671875,0.07538461538461538,0.7157192326967056
lime,mlp,tier_unconstrained,OK,4.648846214004152,643.3828125,0.5134458853422489,0.3799771209347289,0.4068688916192266,0.9824436339145922,0.9214620590209961,0.07435897435897436,0.7027167158512878
causal_shap,lightgbm,tier_pi4,OK,1.1754666369961342,643.3828125,0.5403810634603081,0.33217495996693897,0.4129370868875553,1.0,0.5811309814453125,0.9487179487179487,1.0
causal_shap,lightgbm,tier_jetson_nano,OK,1.2362532350016409,643.3828125,0.5403810634603081,0.33217495996693897,0.4129370868875553,0.950829978612411,0.7486785888671875,0.9487179487179487,1.0
causal_shap,lightgbm,tier_unconstrained,OK,1.2833279649930773,643.3828125,0.5403810634603081,0.33217495996693897,0.4129370868875553,0.9159518603667887,0.9214620590209961,0.9487179487179487,1.0
causal_shap,mlp,tier_pi4,OK,2.5592067889956525,643.5078125,0.5798237193556607,0.3109756083307848,0.4706230470421062,0.4593089710649916,0.5810496012369792,0.95,0.6082429815691358
causal_shap,mlp,tier_jetson_nano,OK,2.4810080630049924,643.5078125,0.5812226056269052,0.307467742018381,0.4699129532721913,0.4737858995800325,0.7486297607421875,0.9507692307692308,0.6346295252559309
causal_shap,mlp,tier_unconstrained,OK,2.516506154999661,643.5078125,0.5822165789068225,0.3055225479580079,0.46995570577165297,0.4671026274506738,0.9214468002319336,0.9512820512820512,0.6264576310005121
