explainer,model,epsilon,status,explanation_robustness,model_accuracy_drop,attack
treeshap,lightgbm,0.05,OK,0.5678571428571427,0.86,boundary_blackbox
kernelshap,mlp,0.05,OK,0.8933333333333333,0.48,deepfool
kernelshap,lightgbm,0.05,OK,0.5292857142857142,0.86,boundary_blackbox
lightweight_kernelshap,mlp,0.05,OK,0.38095238095238104,0.48,deepfool
lightweight_kernelshap,lightgbm,0.05,OK,0.34103174603174596,0.86,boundary_blackbox
lime,mlp,0.05,OK,0.1869047619047619,0.48,deepfool
lime,lightgbm,0.05,OK,0.2738095238095238,0.86,boundary_blackbox
causal_shap,mlp,0.05,OK,0.981904761904762,0.48,deepfool
causal_shap,lightgbm,0.05,OK,0.7999999999999998,0.86,boundary_blackbox
treeshap,lightgbm,0.15,OK,0.563095238095238,0.94,boundary_blackbox
kernelshap,mlp,0.15,OK,0.8504761904761904,0.72,deepfool
kernelshap,lightgbm,0.15,OK,0.5126190476190476,0.94,boundary_blackbox
lightweight_kernelshap,mlp,0.15,OK,0.4224603174603174,0.72,deepfool
lightweight_kernelshap,lightgbm,0.15,OK,0.34682539682539676,0.94,boundary_blackbox
lime,mlp,0.15,OK,0.17944444444444443,0.72,deepfool
lime,lightgbm,0.15,OK,0.2656349206349206,0.94,boundary_blackbox
causal_shap,mlp,0.15,OK,0.9752380952380952,0.72,deepfool
causal_shap,lightgbm,0.15,OK,0.7866666666666666,0.94,boundary_blackbox
treeshap,lightgbm,0.3,OK,0.5535714285714285,0.94,boundary_blackbox
kernelshap,mlp,0.3,OK,0.798095238095238,0.8200000000000001,deepfool
kernelshap,lightgbm,0.3,OK,0.5226190476190474,0.94,boundary_blackbox
lightweight_kernelshap,mlp,0.3,OK,0.42317460317460315,0.8200000000000001,deepfool
lightweight_kernelshap,lightgbm,0.3,OK,0.3488095238095238,0.94,boundary_blackbox
lime,mlp,0.3,OK,0.16063492063492063,0.8200000000000001,deepfool
lime,lightgbm,0.3,OK,0.26595238095238094,0.94,boundary_blackbox
causal_shap,mlp,0.3,OK,0.9685714285714284,0.8200000000000001,deepfool
causal_shap,lightgbm,0.3,OK,0.8066666666666665,0.94,boundary_blackbox
